No.,Name,SMILES,Class,Ref
1,35,c12c(c(ccc1)Cl)C(N(Cc1n2cnc1c1nc(on1)[C@](CO)(C)O)C)=O,n,1
2,1-47,NCCc1cn2c(n1)cccc2,n,1
3,1-48,CCCN(CCC)CCc1ccc(c2c1CC(N2)=C)O,p,1
4,9-OH-risperidone,c1(c2c(cc(F)cc2)on1)C1CCN(CCc2c(n3c([C@@H](CCC3)O)nc2C)=O)CC1,p,1
5,Alprazolam,c12c(C(c3ccccc3)=NCc3n1c(nn3)C)cc(Cl)cc2,p,1
6,Amitriptyline,C1(\c2c(CCc3c1cccc3)cccc2)=C\CCN(C)C,p,1
7,Allopurinol,c12c(ncnc1O)[nH]nc2,P,1
8,Antipyrine,n1(c2ccccc2)n(c(C)cc1=O)C,p,1
9,Aspirin,c1(c(cccc1)OC(C)=O)C(O)=O,p,1
10,BCNU,N(C(NCCCl)=O)(CCCl)N=O,p,1
11,Caffeine,c12c(n(c(=O)n(c1=O)C)C)ncn2C,p,1
12,Carbamazepine,N1(c2c(cccc2)C=Cc2c1cccc2)C(N)=O,p,1
13,Chlorambucil,c1(N(CCCl)CCCl)ccc(CCCC(O)=O)cc1,n,1
14,Chlorpromazine,N1(c2c(Sc3c1cccc3)ccc(c2)Cl)CCCN(C)C,p,1
15,Cimetidine,c1(c([nH]cn1)C)CSCCN\C(=[NH]\C#N)NC,n,1
16,Clonidine,c1(NC=2NCCN2)c(cccc1Cl)Cl,p,1
17,Codeine,c12[C@]34[C@@H]5[C@H]([N@@](C)CC4)Cc2ccc(c1O[C@H]3[C@@H](O)C=C5)OC,p,1
18,Desipramine,N1(c2c(CCc3c1cccc3)cccc2)CCCNC,p,1
19,Didanosine,n1(c2c(c(ncn2)O)nc1)[C@@H]1O[C@H](CO)CC1,n,1
20,Domperidone,n1(c2c(cc(Cl)cc2)[nH]c1=O)C1CCN(CCCn2c3c(cccc3)[nH]c2=O)CC1,p,1
21,Hydroxyzine,N1([C@@H](c2ccc(Cl)cc2)c2ccccc2)CCN(CCOCCO)CC1,p,1
22,Ibuprofen,c1([C@@H](C(O)=O)C)ccc(CC(C)C)cc1,p,1
23,Icotidine,c1c(c(ncc1)CCCCNc1nc(c(c[nH]1)Cc1ccc(nc1)C)=O)OC,n,1
24,Imipramine,N1(c2c(CCc3c1cccc3)cccc2)CCCN(C)C,p,1
25,Indometacin,c12c(c(CC(O)=O)c(n1C(c1ccc(Cl)cc1)=O)C)cc(OC)cc2,n,1
26,L-663581,c12c(C(N(Cc3n1cnc3c1noc(n1)C(C)C)C)=O)c(ccc2)Cl,P,1
27,Lupitidine,CN(C)Cc1ccc(CSCCNc2nc(=O)c(Cc3ccc(C)nc3)c[nH]2)o1,n,1
28,Mepyramine,N(c1ccccn1)(Cc1ccc(OC)cc1)CCN(C)C,p,1
29,Mianserin,N12[C@H](c3c(cccc3)Cc3c1cccc3)C[N@](C)CC2,p,1
30,Midazolam,c12c(C(c3c(cccc3)F)=NCc3n1c(nc3)C)cc(Cl)cc2,p,1
31,Mirtazapine,N12[C@H](c3c(cccc3)Cc3c1nccc3)C[N@](C)CC2,p,1
32,Nevirapine,N1(c2c(NC(c3c1nccc3)=O)c(ccn2)C)C1CC1,p,1
33,Org12962,C1NCCN(C1)c1ccc(c(n1)Cl)C(F)(F)F,p,1
34,Org30526,c1c2c(cc(c1)Cl)[C@@H]1[C@H](c3ccccc3O2)CNC1,p,1
35,Org32104,c1c2c(ccc1)[C@@]1([C@@H](c3cccc(c3O2)C)CNCC1)O,p,1
36,Org34167,c1ccc(c(c1)[C@H](CC=C)N)c1c2c(on1)cccc2,p,1
37,Org4428,c1c2c(ccc1)[C@@]1([C@@H](c3cccc(c3O2)C)C[N@](CC1)C)O,p,1
38,Org5222,c1c2c(cc(c1)Cl)[C@@H]1[C@H](c3ccccc3O2)CN(C1)C,p,1
39,Oxazepam,c12C(c3ccccc3)=N[C@H](O)C(Nc1ccc(c2)Cl)=O,p,1
40,Ranitidine,c1(oc([CH2+]SCCN\C(=C\[N+](=O)[O-])NC)cc1)CN(C)C,n,1
41,Risperidone,c1(c2c(cc(F)cc2)on1)C1CCN(CCc2c(n3c(CCCC3)nc2C)=O)CC1,p,1
42,Pentobarbital,C1(C(NC(=[O-])NC1=O)=O)([C@H](CCC)C)[CH-]C,p,1
43,Phenserine,c12[C@]3([C@H]([N@](C)CC3)N(c1ccc(c2)OC(Nc1ccccc1)=O)C)C,p,1
44,Physostigmine,c12[C@]3([C@@H](N(C)c1ccc(c2)OC(NC)=O)[N@](C)CC3)C,p,1
45,Promazine,N1(c2c(Sc3c1cccc3)cccc2)CCCN(C)C,p,1
46,Salicylicacid,c1(c(cccc1)O)C(O)=O,n,1
47,Temelastine,c1c(c(ncc1Br)CCCCNc1nc(c(c[nH]1)Cc1ccc(nc1)C)=O)C,n,1
48,Theophylline,c12c(n(c(=O)n(c1=O)C)C)nc[nH]2,p,1
49,Thioridazine,N1(c2c(Sc3c1cccc3)ccc(c2)SC)CC[C@H]1[N@@](CCCC1)C,p,1
50,Tibolone,C1[C@H]2[C@H]3[C@@H](C4=C(CC(=O)CC4)C[C@H]3C)CC[C@@]2([C@@](C#C)(O)C1)C,p,1
51,Tiotidine,c1(nc(NC(N)=[NH2])sc1)CSCCN\C(=[NH]\C#N)NC,p,1
52,Valproicacid,C(CCC)(CCC)C(=O)[O-],p,1
53,Verapamil,c1([C@](CCC[N@](CCc2cc(c(OC)cc2)OC)C)(C(C)C)C#N)cc(c(OC)cc1)OC,p,1
54,Zolantidine,C1CN(CCC1)Cc1cccc(c1)OCCCNc1nc2c(s1)cccc2,p,1
55,1-hydroxymidazolam,n12c3c(C(c4c(cccc4)F)=NCc1cnc2CO)cc(Cl)cc3,p,2
56,111-trichloroethane,C(C)(Cl)(Cl)Cl,p,2
57,111-trifluoro-2-chloroethane,C(CCl)(F)(F)F,p,2
58,2-methylpentane,CC(CCC)C,p,2
59,2-methylpropanol,CC(CO)C,p,2
60,22-dimethylbutane,CC(CC)(C)C,p,2
61,3-methylhexane,CC[C@H](CCC)C,p,2
62,3-methylpentane,CCC(CC)C,p,2
63,4-hydroxymidazolam,c12c(C(c3c(cccc3)F)=N[C@@H](c3n1c(nc3)C)O)cc(Cl)cc2,p,2
64,Acetaminophen,c1c(NC(C)=O)ccc(O)c1,P,2
65,Aminopyrine,n1(c2ccccc2)c(c(N(C)C)c(n1C)C)=O,p,2
66,Amobarbital,C1(C(NC(=O)NC1=O)=O)(CCC(C)C)CC,p,2
67,Atenolol,c1(ccc(CC(N)=O)cc1)OC[C@@H](CNC(C)C)O,n,2
68,Benzene,c1ccccc1,p,2
69,Bretazenil,c12n(c3c(c(ccc3)Br)C(N3[C@H]1CCC3)=O)cnc2C(OC(C)(C)C)=O,p,2
70,Bromperidol,c1(C2(CCN(CCCC(c3ccc(F)cc3)=O)CC2)O)ccc(Br)cc1,p,2
71,Butanone,CCC(C)=O,p,2
72,Clobazam,c12N(c3ccccc3)C(CC(N(c1ccc(c2)Cl)C)=O)=O,p,2
73,Cyclohexane,C1CCCCC1,p,2
74,Cyclopropane,C1CC1,p,2
75,Desmethyldesipramine,N1(c2c(CCc3c1cccc3)cccc2)CCCN,p,2
76,Diazepam,C=1(c2c(N(C)C(CN1)=O)ccc(c2)Cl)c1ccccc1,p,2
77,Dichloromethane,C(Cl)Cl,p,2
78,Diethylether,CCOCC,p,2
79,Divinylether,C=COC=C,p,2
80,Enflurane,C([C@@H](F)Cl)(OC(F)F)(F)F,p,2
81,Ethanol,C(C)O,p,2
82,Ethylbenzene,c1(ccccc1)CC,p,2
83,Flumazenil,n12c3c(C(=O)N(Cc1c(C(OCC)=O)nc2)C)cc(F)cc3,p,2
84,Flunitrazepam,c12C(c3c(cccc3)F)=[NH+]CC(N(c1ccc(c2)[N+](=O)[O-])C)=O,p,2
85,Fluphenazine,c12N(c3c(cccc3)Sc1ccc(c2)C(F)(F)F)CCCN1CCN(CCO)CC1,p,2
86,Fluroxene,C(COC=C)(F)(F)F,p,2
87,Haloperidol,c1(C2(CCN(CCCC(c3ccc(F)cc3)=O)CC2)O)ccc(Cl)cc1,p,2
88,Halothane,C([C@@H](Cl)Br)(F)(F)F,p,2
89,Heptane,CCCCCCC,p,2
90,Hexane,CCCCCC,p,2
91,Hexobarbital,C=1([C@]2(C(N(C(=O)NC2=O)C)=O)C)CCCCC1,p,2
92,Indinavir,c12ccccc2C[C@H]([C@H]1NC([C@H](Cc1ccccc1)C[C@@H](CN1[C@@H](C[N@](Cc2cccnc2)CC1)C(NC(C)(C)C)=O)O)=O)O,p,2
93,Isoflurane,C([C@H](OC(F)F)Cl)(F)(F)F,p,2
94,Mesoridazine,c12N(c3c(cccc3)Sc1ccc(c2)[S@@](C)=O)CC[C@H]1[N@@](CCCC1)C,p,2
95,Methohexital,C1([C@](C(NC(N1C)=[O-])=O)([C@@H](C#CCC)C)CC=C)=[O-],p,2
96,Methoxyflurane,C(C(Cl)Cl)(OC)(F)F,p,2
97,Methylcyclopentane,C1(CCCC1)C,p,2
98,Morphine,c12c3c(ccc1C[C@@H]1[C@@H]4C=C[C@@H]([C@@H]([C@]24CC[N@@]1C)O3)O)O,p,2
99,Nor-1-chlorpromazine,N1(c2c(Sc3c1cccc3)ccc(c2)Cl)CCCNC,p,2
100,Nor-2-chlorpromazine,N1(c2c(Sc3c1cccc3)ccc(c2)Cl)CCCN,p,2
101,Northioridazine,N1(c2c(Sc3c1cccc3)ccc(c2)SC)CC[C@H]1NCCCC1,p,2
102,Org13011,C1N(CCN(C1)c1cc(ccn1)C(F)(F)F)CCCCN1C(CCC1)=O,p,2
103,Paraxanthine,O=c1c2c([nH]c(=O)n1C)ncn2C,p,2
104,Pentane,CCCCC,p,2
105,Phenylbutazone,N1(N(c2ccccc2)C(=O)C(C1=O)CCCC)c1ccccc1,p,2
106,Phenytoin,c1([C@@]2(c3ccccc3)NC(=[O-])NC2=O)cccc[c-]1,p,2
107,Propanol,CCCO,p,2
108,Propanone,CC(C)=O,p,2
109,Propranolol,c12c(OC[C@@H](CNC(C)C)O)cccc1cccc2,p,2
110,Quinidine,c12c([C@@H]([C@@H]3[N@@]4C[C@H](C=C)[C@H](C3)CC4)O)ccnc1ccc(c2)OC,p,2
111,RO19-4603,c1c2c(sc1)C(N(Cc1n2cnc1C(=O)OC(C)(C)C)C)=O,p,2
112,SKF101468,C1C(Nc2c1c(ccc2)CCN(CCC)CCC)=O,p,2
113,SKF89124,C1C(Nc2c1c(ccc2O)CCN(CCC)CCC)=O,p,2
114,Salicyluricacid,N(C(=O)c1c(O)cccc1)CC(=O)O,p,2
115,Sulforidazine,C[N@@]1CCCC[C@H]1CCN1c2ccccc2Sc2ccc(cc12)S(C)(=O)=O,p,2
116,Teflurane,C([C@@H](F)Br)C(F)(F)F,p,2
117,Theobromine,c12c(c([nH]c(n1C)=O)=O)n(C)cn2,p,2
118,Thiopental,C1(C(C(NC(N1)=S)=O)([C@@H](CCC)C)CC)=O,P,2
119,Toluene,c1(ccccc1)C,p,2
120,Triazolam,c12c(C(c3c(cccc3)Cl)=NCc3n1c(nn3)C)cc(Cl)cc2,p,2
121,Trifluoperazine,c12N(c3c(cccc3)Sc1ccc(c2)C(F)(F)F)CCCN1CCN(C)CC1,p,2
122,Trichloroethylene,C(=C\Cl)(\Cl)Cl,p,2
123,Trichloromethane,C(Cl)(Cl)Cl,p,2
124,Y-G14,c1c(nccc1)CCNC,p,2
125,Y-G15,c1c(nccc1)CCN(C)C,p,2
126,Y-G16,n1c(scc1)CCN,p,2
127,Y-G19,n1c(scc1c1ccccc1)CCN,n,2
128,Y-G20,c1c(nc2n1cccc2)CCN,n,2
129,Zidovudine,n1([C@H]2C[C@H](N=[N+]=N)[C@H](O2)CO)c([nH]c(=O)c([cH+]1)C)=O,p,2
130,m-Xylene,c1c(cccc1C)C,p,2
131,o-Xylene,c1(c(cccc1)C)C,p,2
132,p-Xylene,c1(ccc(C)cc1)C,p,2
133,2-propanol,CC(C)O,p,3
134,Carbamazepineepoxide,c12[C@@H]3[C@@H](c4c(cccc4)N(c1cccc2)C(N)=O)O3,p,3
135,SB-222200,c12c(nc(c(c1C(N[C@@H](CC)c1ccccc1)=O)C)c1ccccc1)cccc2,P,3
136,Tertbutylchlorambucil,c1cc(ccc1CCCC(OC(C)(C)C)=O)N(CCCl)CCCl,P,3
137,Trichloroethene,C(=C)(Cl)(Cl)Cl,p,3
138,Delavirdine,c1(ncccc1NC(C)C)N1CCN(C(c2cc3cc(NS(C)(=O)=O)ccc3[nH]2)=O)CC1,n,4
139,Ebastine,C(c1ccccc1)(c1ccccc1)OC1CCN(CCCC(c2ccc(C(C)(C)C)cc2)=O)CC1,n,4
140,Pirenzepine,N1(c2c(NC(c3c1cccc3)=O)cccn2)C(CN1CCN(C)CC1)=O,p,4
141,Promethazine,c12c(Sc3c(N1C[C@@H](N(C)C)C)cccc3)cccc2,P,4
142,5-6,s1cc(CSCCN\C(NC)=[NH]\C#N)nc1\[NH]=C(\N)N,p,4
143,5-62,c1cc(c2nc(sc2)CCN)ccc1,n,4
144,5-66,c1cc(CCNC)ncc1,p,4
145,5-67,c1cc(CCN(C)C)ncc1,p,4
146,5-68,s1c(ncc1)CCN,p,4
147,5-69,c1nc(C2CCN(CC2)C(NC2CCCCC2)=S)c[nH]1,p,4
148,7-K06,c1ccc2Oc3c(cc(cc3)Cl)[C@@H]3[C@@H](c2c1)C[N@](CC3)C,p,5
149,7-K08,c1c(Cl)nc(N2CCN(CCCCN3C(CCC3)=O)CC2)cc1C(F)(F)F,p,5
150,7-K10,c1ccc2Oc3c(cc(cc3)Cl)[C@@H]3[C@@H](c2c1)CNCC3,p,5
151,12,c1c(c(ncc1)CSCCN\C(=[NH]\C#N)NCC)Br,n,6
152,14,c1cc(ncc1)CSCCNc1c(cc[nH]1)[N+](=O)[O-],P,6
153,15,c1(cc(nc(c1C)C)C(SC(CNc1c(cc[nH]1)[N+](=O)[O-])(C)C)(C)C)C,P,6
154,16,n1c(csc1\[NH]=C(\N)N)c1ccccc1,p,6
155,17,n1c(csc1\[NH]=C(\N)N)c1cccc(c1)N,n,6
156,18,n1c(csc1\[NH]=C(\N)N)c1cccc(c1)NC(C)=O,n,6
157,19,n1c(csc1\[NH]=C(\N)N)c1cccc(c1)N\C(NC)=[NH]\C#N,n,6
158,2,s1cc(nc1\[NH]=C(\N)N)C,p,6
159,22,c1(c(oc(c1C)C(N(C(C)(N)C)C(N)(C)C)(C)C)C)C.C[NH+]O.[OH-],p,6
160,23,[NH]C(CC(C)C([N@@](C(C)(C)C)C(N)(C)N)(C)C)c1c(c(c[nH+][o+]1)C)[O-],p,6
161,24,C1CN(CCC1)Cc1cccc(c1)OCCCNC(=O)C,p,6
162,25,C1CN(CCC1)Cc1cccc(c1)OCCCNC(=O)c1ccccc1,p,6
163,26,C1CN(CCC1)Cc1cccc(c1)OCCCO,p,6
164,27,C1CN(CCC1)Cc1cccc(c1)OCCCNc1ncccc1,p,6
165,28,C1CN(CCC1)Cc1cccc(c1)OCCCNc1nccs1,p,6
166,30,C1CN(CCC1)Cc1cccc(c1)OCCCNc1nc2c(o1)cccc2,p,6
167,4,c1c(oc(c1)CN(C)C)CSCCNc1nc(c(c[nH]1)Cc1cc2c(cc1)cccc2)=O,n,6
168,8-5,CN(C)Cc1oc(cc1)CSCCNC=1NC=C(CN1)Cc1cnc(cc1)C,n,6
169,BBcpd10,c1(nccc(c1)c1nc([nH]n1)N)N(C)C,n,6
170,9-C1,n1(c(c2nc[nH]c2n(c1=O)C)=O)C,p,7
171,9-C15,c1c2CCOc2c(cc1OC)CN[C@@H]1CCCN[C@H]1c1ccccc1,p,7
172,9-C17,c1(cc(N\C(=[NH]\c2cccc(c2)CC)C)ccc1)CC,p,7
173,9-C7,c1(c(cc2n(ncc2c1)CCN)Cl)Cl,p,7
174,Abacavir,c12c(n([C@@H]3C[C@H](CO)C=C3)cn2)nc(N)nc1NC1CC1,p,8
175,Acebutolol,c1(c(cc(NC(CCC)=O)cc1)C(C)=O)OC[C@@H](CNC(C)C)O,p,8
176,Aciclovir,c12c(ncn1COCCO)c([nH]c(n2)N)=O,p,8
177,Albendazole,c12c(nc([nH]1)NC(OC)=O)cc(SCCC)cc2,p,8
178,Amantadine,C12(CC3CC(C1)CC(C2)C3)N,p,8
179,Amfetamine,c1(ccccc1)C[C@H](C)N,p,8
180,Amifostine,S(CCNCCCN)P(O)(O)=O,n,8
181,Amikacin,O([C@H]1[C@@H](C[C@H](N)[C@H]([C@@H]1O)O[C@H]1O[C@@H]([C@@H](O)[C@@H]([C@H]1O)O)CN)NC([C@H](CCN)O)=O)[C@H]1O[C@@H]([C@@H](O)[C@@H]([C@H]1O)N)CO,p,8
182,Aminosalicylicacid,c1(c(cc(N)cc1)O)C(O)=O,n,8
183,Cytarabine,n1([C@@H]2O[C@H](CO)[C@H]([C@H]2O)O)c(nc(N)cc1)=O,p,8
184,Dacarbazine,c1(c(nc[nH]1)C(N)=O)\N=N\N(C)C,p,8
185,Daunorubicin,c12c([C@H](C[C@@](C2)(C(C)=O)O)O[C@H]2C[C@@H]([C@H](O)[C@@H](O2)C)N)c(c2C(c3c(cccc3C(c2c1O)=O)OC)=O)O,n,8
186,Demeclocycline,C1[C@@H]2[C@](C(=C3C(c4c(ccc(c4[C@H]([C@@H]13)O)Cl)O)=O)O)(C(C(C(N)=O)=C([C@H]2N(C)C)O)=O)O,n,8
187,Desmethylclobazam,Clc1ccc2NC(=O)CC(=O)N(c3ccccc3)c2c1,p,8
188,Desmethyldiazepam,C=1(c2c(NC(CN1)=O)ccc(c2)Cl)c1ccccc1,p,8
189,Desmonomethylpromazine,N1(c2c(Sc3c1cccc3)cccc2)CCCNC,p,8
190,Dexrazoxane,N1(C[C@@H](N2CC(NC(C2)=O)=O)C)CC(NC(C1)=O)=O,n,8
191,Dextromethorphan,c12[C@@]34[C@@H]([C@H]([N@@](C)CC3)Cc1ccc(c2)OC)CCCC4,p,8
192,Dihydroergotamine,N12[C@]([C@@H]3CCCN3C([C@@H]1Cc1ccccc1)=O)(OC(NC([C@@H]1C[C@@H]3c4c5c(c[nH]c5ccc4)C[C@H]3[N@@](C1)C)=O)(C)C2=O)O,n,8
193,Disulfiram,N(C(SSC(N(CC)CC)=S)=S)(CC)CC,p,8
194,Doxorubicin,c12c([C@H](C[C@@](C2)(C(CO)=O)O)O[C@H]2C[C@@H]([C@H](O)[C@@H](O2)C)N)c(c2C(c3c(cccc3C(c2c1O)=O)OC)=O)O,n,8
195,Doxycycline,C=1([C@]2([C@H]([C@@H](C(O)=C(C2=O)C(N)=O)N(C)C)[C@H]([C@@H]2[C@H](c3cccc(c3C(C12)=O)O)C)O)O)O,p,8
196,Efavirenz,c12[C@](C#CC3CC3)(OC(=O)Nc1ccc(c2)Cl)C(F)(F)F,n,8
197,Enalapril,N1([C@@H](CCC1)C(O)=O)C([C@@H](N[C@@H](CCc1ccccc1)C(OCC)=O)C)=O,n,8
198,Epinephrine,c1(cc(c(O)cc1)O)[C@H](CNC)O,n,8
199,Etacrynicacid,c1(c(c(c(OCC(O)=O)cc1)Cl)Cl)C(C(CC)=C)=O,n,8
200,Ethambutol,N([C@H](CC)CO)CCN[C@H](CC)CO,n,8
201,Ethionamide,c1(cc(ncc1)CC)C(N)=S,p,8
202,Ethosuximide,C1([C@@](CC(=O)N1)(CC)C)=O,p,8
203,Etoposide,c12[C@H]([C@@H]3[C@H](COC3=O)[C@@H](c1cc1OCOc1c2)O[C@@H]1O[C@H]2[C@@H](O[C@H](C)OC2)[C@@H]([C@H]1O)O)c1cc(c(O)c(c1)OC)OC,n,8
204,Famotidine,c1(nc(CSCC\C(=[NH]\S(N)(=O)=O)N)cs1)\[NH]=C(\N)N,p,8
205,Fluconazole,c1(C(Cn2cncn2)(Cn2cncn2)O)c(cc(F)cc1)F,p,8
206,Foscarnetsodium,P(C(=O)O)(=O)(O)O,p,8
207,Gabapentin,C1(CC(O)=O)(CCCCC1)CN,p,8
208,Nafcillin,N12[C@@H]([C@@H](NC(c3c4c(ccc3OCC)cccc4)=O)[C-]2=O)SC([C@@H]1C(=O)O)(C)C,n,8
209,Nalidixicacid,c12c(c(c(C(O)=O)cn1CC)=O)ccc(n2)C,n,8
210,Nelfinavir,C1[C@@H]2CCCC[C@@H]2C[N@](C[C@H]([C@@H](NC(c2c(c(ccc2)O)C)=O)CSc2ccccc2)O)[C@@H]1C(NC(C)(C)C)=O,n,8
211,Norepinephrine,N1(c2c(Sc3c1cccc3)ccc(c2)SC)CC[C@H]1NCCCC1,n,8
212,Omeprazole,c12c([nH]c(n1)[S@@](Cc1c(c(c(C)cn1)OC)C)=O)ccc(c2)OC,n,8
213,Oxacillin,N12[C@@H]([C@@H](NC(c3c(c4ccccc4)noc3C)=O)[C-]2=O)SC([C@@H]1C(=O)O)(C)C,n,8
214,Paracetamol,c1(ccc(O)cc1)NC(C)=O,p,8
215,Pentazocine,c12[C@]3([C@H]([C@H]([N@@](C\C=C(\C)C)CC3)Cc1ccc(c2)O)C)C,p,8
216,Pentostatin,n1(c2c([C@@H](CNC=N2)O)nc1)[C@@H]1O[C@H](CO)C(C1)O,p,8
217,Pethidine,C1(c2ccccc2)(C(OCC)=O)CCN(C)CC1,p,8
218,Phenazopyridine,c1(c(nc(N)cc1)N)\N=N\c1ccccc1,n,8
219,Phenobarbital,C1(c2ccccc2)(C(NC(=O)NC1=O)=O)CC,p,8
220,Phenoxymethylpenicillin,N12[C@@H]([C@@H](NC(COc3ccccc3)=O)[C-]2=O)SC([C@@H]1C(=O)O)(C)C,n,8
221,Pindolol,c12c([nH]cc2)cccc1OC[C@@H](CNC(C)C)O,p,8
222,Plicamycin,c12c(C[C@@H]([C@@H](C([C@H]([C@@H](C)O)O)=O)OC)[C@@H](C1=O)OC1C[C@@H](O[C@H]3C[C@@H](O[C@H]4C[C@]([C@H](O)[C@H](O4)C)(C)O)[C@H](O)[C@H](O3)C)[C@H](O)[C@H](O1)C)cc1cc(O[C@H]3C[C@@H](O[C@H]4C[C@H]([C@H](O)[C@H](O4)C)O)[C@@H](O)[C@H](O3)C)c(c(c1c2O)O)C,p,8
223,Pravastatin,C=12[C@@H]([C@H]([C@H](C=C2)C)CC[C@H](C[C@H](CC(=O)O)O)O)[C@H](C[C@@H](O)C1)OC([C@H](CC)C)=O,n,8
224,Praziquantel,c12[C@@H]3N(C(CN(C3)C(C3CCCCC3)=O)=O)CCc1cccc2,p,8
225,Probenecid,c1(S(N(CCC)CCC)(=O)=O)ccc(C(O)=O)cc1,n,8
226,Trimethoprim,c1(Cc2c(nc(N)nc2)N)cc(c(OC)c(c1)OC)OC,p,8
227,Trimetrexate,c12c(ccc(CNc3cc(c(OC)c(c3)OC)OC)c1C)nc(N)nc2N,n,8
228,Trometamol,C(CO)(CO)(CO)N,n,8
229,Trovafloxacin,c12n(c3c(cc(F)cc3)F)cc(C(O)=O)c(c1cc(F)c(n2)N1C[C@@H]2C(N)[C@H]2C1)=O,p,8
230,Urea,C(N)(N)=O,p,8
231,Atovaquone,C=1(C2CCC(c3ccc(Cl)cc3)CC2)C(c2c(cccc2)C(C1O)=O)=O,n,8
232,Atropine,C1(C[C@@H]2N(C)[C@H](C1)CC2)OC([C@H](c1ccccc1)CO)=O,p,8
233,Azelaicacid,C(CCCCCCCC(O)=O)(O)=O,n,8
234,Azithromycin,O([C@H]1[C@@H]([C@@H](O[C@@H]2C[C@]([C@@H](O)[C@@H](O2)C)(OC)C)[C@@H](C(O[C@@H]([C@](C)(O)C([C@H]([N@@](C[C@@H](C[C@@]1(C)O)C)C)C)O)CC)=O)C)C)[C@H]1[C@@H]([C@H](C[C@H](O1)C)N(C)C)O,n,8
235,Bacitracin,C([C@@H]1C(N[C@@H](Cc2c[nH]cn2)C(N[C@@H](C(N[C@H](C(=O)N[C@H](C(N[C@@H](C(N[C@H](C(N1)=O)[C@H](CC)C)=O)CCCN)=O)CCCCNC([C@@H](NC([C@H](NC([C@@H](NC([C@H]1N=C([C@@H]([C@@H](CC)C)N)SC1)=O)CC(C)C)=O)CCC(O)=O)=O)[C@H](CC)C)=O)CC(N)=O)=O)CC(O)=O)=O)=O)c1ccccc1,n,8
236,Bethanechol,C([N+](C)(C)C)[C@@H](OC(N)=O)C,n,8
237,Bretyliumtosilate,c1(c(cccc1)Br)C[N+](CC)(C)C,n,8
238,Bromocriptine,N12[C@](C3N(CCC3)C([C@@H]2CC(C)C)=O)(O[C@](C1=O)(NC([C@@H]1C=C2c3c4c(c(Br)[nH]c4ccc3)C[C@H]2[N@@](C1)C)=O)C(C)C)O,n,8
239,Buprenorphine,c12[C@]34[C@@]56[C@H]([N@@](CC7CC7)CC4)Cc2ccc(c1O[C@H]3[C@](OC)([C@H](C5)[C@](C(C)(C)C)(C)O)CC6)O,p,8
240,Bupropion,c1(C([C@@H](NC(C)(C)C)C)=O)cc(ccc1)Cl,p,8
241,Busulfan,O(S(C)(=O)=O)CCCCOS(C)(=O)=O,p,8
242,Carbenicillin,N12[C@@H]([C@@H](NC([C@H](c3ccccc3)C(=O)O)=O)[C-]2=O)SC([C@@H]1C(=O)O)(C)C,p,8
243,Carmustine,N(C(NCCCl)=O)(CCCl)N=O,p,8
244,Cefradine,N12[C@H]([C@@H](NC([C@H](C=3CC=CCC3)N)=O)C1=O)SCC(=C2C(O)=O)C,n,8
245,Chloramphenicol,C1([C@H]([C@H](NC(C(Cl)Cl)=O)CO)O)CCC([N+](=O)=[O-])C[CH+]1,p,8
246,Chloroquine,c12c(nccc1N[C@@H](CCCN(CC)CC)C)cc(Cl)cc2,p,8
247,Chlorothiazide,c12c(cc(Cl)c(c1)S(N)(=O)=O)N=CNS2(=O)=O,n,8
248,Cisapride,c1(c(cc(N)c(c1)Cl)OC)C(N[C@@H]1[C@H](C[N@@](CCCOc2ccc(F)cc2)CC1)OC)=O,p,8
249,Cladribine,n1(c2c(c(nc(n2)Cl)N)nc1)[C@@H]1O[C@H](CO)C(C1)O,p,8
250,Clidiniumbromide,C(c1ccccc1)([C+]1CCCCC1)(C(O[C@@H]1C2CC[N+](C1)(C)CC2)=O)O,n,8
251,Clofazimine,n1(c2c(nc3c1cccc3)cc(Nc1ccc(Cl)cc1)c(\c2)=N/C(C)C)c1ccc(Cl)cc1,n,8
252,Clomipramine,N1(c2c(CCc3c1cccc3)ccc(c2)Cl)CCCN(C)C,p,8
253,Colchicine,c12c3c([C@@H](NC(C)=O)CCc2cc(c(c1OC)OC)OC)cc(=O)c(cc3)OC,n,8
254,Cromoglicicacid,c12c(oc(C(=O)O)cc2=O)cccc1[O-]CC(COc1c2c(oc(C(=O)O)cc2=O)ccc1)O,n,8
255,Cycloserine,C1([C@@H](CON1)N)=O,p,8
256,Ganciclovir,[c-]12c(nc[n+]1COC(CO)CO)c(=[O-])[nH]c(n2)N,p,8
257,Hydrochlorothiazide,c12c(cc(Cl)c(c1)S(N)(=O)=O)NCNS2(=O)=O,n,8
258,Hydroxycarbamide,C(NO)(N)=O,p,8
259,Ipratropiumbromide,[N+]1([C@H]2CC(OC([C@H](c3ccccc3)CO)=O)C[C@@H]1CC2)(C(C)C)C,n,8
260,Isoniazid,c1(C(NN)=O)ccncc1,p,8
261,Itraconazole,c1([C@]2(O[C@H](COc3ccc(N4CCN(c5ccc(n6c(n([C@@H](CC)C)nc6)=O)cc5)CC4)cc3)CO2)Cn2cncn2)c(cc(Cl)cc1)Cl,n,8
262,Kanamycin,C1([C@@H](O[C@H]2O[C@@H]([C@@H](O)[C@@H]([C@H]2O)N)CO)[C@@H](C[C@@H]([C@H]1O[C@H]1O[C@@H]([C@@H](O)[C@@H]([C@H]1O)O)CN)N)N)O,n,8
263,Ketoconazole,c1([C@@]2(O[C@@H](COc3ccc(N4CCN(C(C)=O)CC4)cc3)CO2)Cn2ccnc2)c(cc(Cl)cc1)Cl,n,8
264,Ketoprofen,c1(cc(ccc1)[C@@H](C(O)=O)C)C(c1ccccc1)=O,p,8
265,Ketorolac,n12c([C@H](C(O)=O)CC2)ccc1C(c1ccccc1)=O,n,8
266,Levofloxacin,c12c3c(N4CCN(C)CC4)c(F)cc1c(c(C(O)=O)cn2[C@@H](C)CO3)=O,p,8
267,Mannitol,O[C@@H]([C@@H]([C@@H](CO)O)O)[C@@H](CO)O,n,8
268,Mepenzolatebromide,[C+](c1ccccc1)(c1ccccc1)(C(O[C@@H]1C[N+](CCC1)(C)C)=O)O,n,8
269,Metaraminol,c1(cc(ccc1)O)[C@H]([C@H](C)N)O,n,8
270,Methotrexate,c12c(ncc(n1)CN(c1ccc(C(N[C@@H](CCC(O)=O)C(O)=O)=O)cc1)C)nc(N)nc2N,n,8
271,Metoprolol,c1(ccc(CCOC)cc1)OC[C@@H](CNC(C)C)O,p,8
272,Metronidazole,n1(c(cnc1C)[N+](=O)=[O-])CCO,p,8
273,Mifepristone,C1=2[C@H]([C@H]3[C@]([C@@](C#CC)(O)CC3)(C)C[C@@H]1c1ccc(N(C)C)cc1)CCC=1C2CCC(C1)=O,n,8
274,Minocycline,C1[C@@H]2[C@](C(=C3C(c4c(ccc(c4C[C@@H]13)N(C)C)O)=O)O)(C(C(C(N)=O)=C([C@H]2N(C)C)O)=O)O,p,8
275,Moclobemide,c1(C(NCCN2CCOCC2)=O)ccc(Cl)cc1,p,8
276,Propanthelinebromide,C1(c2c(Oc3c1cccc3)cccc2)C(OCC[N+](C(C)C)(C(C)C)C)=O,n,8
277,Pyrazinamide,c1(cnccn1)C(N)=O,p,8
278,Pyridostigminebromide,c1(OC(N(C)C)=O)c[n+](ccc1)C,p,8
279,Pyrimethamine,c1(c2ccc(Cl)cc2)c(nc(N)nc1N)CC,p,8
280,Quinine,c12c([C@H]([C@H]3[N@@]4C[C@H](C=C)[C@H](C3)CC4)O)ccnc1ccc(c2)OC,n,8
281,Ribavirin,n1([C@@H]2O[C@H](CO)[C@H]([C@H]2O)O)nc(C(N)=O)cn1,p,8
282,Ritonavir,C([C@@H](C[C@@H]([C@H](Cc1ccccc1)NC(OCc1cncs1)=O)O)NC([C@@H](NC(N(Cc1nc(C(C)C)sc1)C)=O)C(C)C)=O)c1ccccc1,n,8
283,Saquinavir,C1[N@]([C@@H](C[C@@H]2CCCC[C@H]12)C(NC(C)(C)C)=O)C[C@H]([C@H](Cc1ccccc1)NC([C@@H](NC(c1nc2c(cccc2)cc1)=O)CC(N)=O)=O)O,n,8
284,Sevoflurane,C(C(F)(F)F)(C(F)(F)F)OCF,p,8
285,Sodiumamidotrizoate,C1(C(C(C(I)[C-](C1I)NC(C)=O)C(=O)O)I)NC(C)=O,n,8
286,Sotalol,c1([C@@H](CNC(C)C)O)ccc(NS(C)(=O)=O)cc1,p,8
287,Stavudine,n1([C@@H]2O[C@H](CO)C=C2)c([nH]c(=O)c(c1)C)=O,p,8
288,Streptomycin,O([C@@H]1[C@]([C@H](C)O[C@H]1O[C@H]1[C@@H]([C@H]([C@H](NC(N)=[NH2])[C@H]([C@@H]1O)O)O)NC(N)=[NH2])(C=O)O)[C@H]1[C@H]([C@@H]([C@@H](O)[C@@H](O1)CO)O)NC,n,8
289,Sulfadiazine,c1(S(Nc2ncccn2)(=O)=O)ccc(N)cc1,p,8
290,Sulfafurazole,c1(S(Nc2c(c(C)no2)C)(=O)=O)ccc(N)cc1,p,8
291,Sulfamethoxazole,c1(S(Nc2cc(C)on2)(=O)=O)ccc(N)cc1,p,8
292,Tacrine,c12c(c(c3CCCCc3n1)N)cccc2,p,8
293,Tamoxifen,C(=C(/c1ccccc1)CC)(\c1ccc(OCCN(C)C)cc1)c1ccccc1,p,8
294,Temazepam,c12C(c3ccccc3)=N[C@@H](O)C(N(c1ccc(c2)Cl)C)=O,p,8
295,Ticarcillin,N12[C@@H]([C@@H](NC([C@@H](c3ccsc3)C(=O)O)=O)C2=O)SC(C)(C)[C@@-]1C(=O)O,p,8
296,Topotecan,c12c(c(n3Cc4c(c3c2)nc2ccc(c(c2c4)CN(C)C)O)=O)COC([C@@]1(CC)O)=O,p,8
297,Zalcitabine,n1([C@@H]2O[C@H](CO)CC2)c(nc(N)cc1)=O,p,8
298,Zonisamide,c12c(noc1cccc2)CS(N)(=O)=O,p,8
299,AmphotericinB,C(=O)(O)[C@@H]1[C@@H]2O[C@@](C[C@H]1O)(O)C[C@H](O)C[C@H](O)[C@H](O)CC[C@H](O)C[C@@H](O)CC(=O)O[C@H](C)[C@H](C)[C@@H]([C@H](C=CC=CC=CC=CC=CC=CC=C[C@@H](C2)O[C@@H]1[C@@H](O)[C@H](N)[C@H]([C@@H](O1)C)O)C)O,n,8
300,Calcium-folinate,C(=O)N1c2c(NC[C@H]1CNc1ccc(cc1)C(N[C@@H](CCC(=O)[O-])C([O-])=O)=O)nc(nc2O)N,P,8
301,Ceftazidime,[N-]12[C@H](SCC(=C1C(=O)[O-])C[n+]1ccccc1)[C@@H](C2=O)CC(\C(c1csc(n1)N)=N/OC(C(=O)O)(C)C)=O,P,8
302,Dexamfetamine,c1cccc(c1)C[C@H](C)N,P,8
303,Flucytosine,Nc1c(F)cnc(n1)O,P,8
304,Guanadrel,C1CCCC2(C1)O[C@H](CO2)CNC(N)=[NH2],n,8
305,Lomustine,O=C(N(CCCl)N=O)NC1CCCCC1,P,8
306,Mesna,C(S([O-])(=O)=O)CS,n,8
307,Streptozotocin,O1[C@H]([C@H](NC(N(N=O)C)=O)[C@H]([C@@H]([C@H]1CO)O)O)O,n,8
308,Teniposide,O=C1[C@@H]2[C@H](c3c([C@@H]([C@H]2CO1)O[C@H]1O[C@@H]2[C@@H]([C@H]([C@@H]1O)O)O[C@H](OC2)c1cccs1)cc1c(c3)OCO1)c1cc(OC)c(c(c1)O)O,P,8
309,Thiotepa,P(=S)(N1CC1)(N1CC1)N1CC1,P,8
310,Vancomycin,c12cc3cc(c1O[C@H]1[C@@H]([C@H]([C@@H]([C@H](O1)CO)O)O)O[C@@H]1C[C@]([C@H]([C@@H](O1)C)O)(C)N)Oc1c(cc([C@H]([C@H](C(N[C@H](C(N[C@H]3C(N[C@H]3C(N[C@@H]([C@@H](c4cc(c(O2)cc4)Cl)O)C(N[C@H](C(O)=O)c2cc(O)cc(O)c2c2cc3ccc2O)=O)=O)=O)=O)CC(N)=O)=O)NC([C@H](NC)CC(C)C)=O)O)cc1)Cl,n,8
311,Vidarabine,n1cnc2c(c1N)ncn2[C@H]1[C@@H]([C@@H]([C@H](O1)CO)O)O,P,8
312,trifluopromazine,c1ccc2c(c1)N(c1c(S2)ccc(c1)C(F)(F)F)CCCN(C)C1-62,p,8
313,BBcpd60,c1(NCCSCc2oc(cc2)CN(C)C)[nH]cc(c1N(=O)=O)Cc1ccccc1,P,9
314,Bis-hydroxylated-L-663581,c12c(C(N(Cc3n1cnc3c1noc(n1)C(CO)(CO)C)C)=O)c(ccc2)Cl,n,9
315,ICI17148,Cc1nc(sc1)\[NH]=C(\N)N,P,9
316,Mono-hydroxylated-L-663581,c12c(C(N(Cc3n1cnc3c1noc(n1)C(O)(C)C)C)=O)c(ccc2)Cl,n,9
317,Thioperamide,C1C(CCN(C1)C(NC1CCCCC1)=S)c1c[nH]cn1,P,9
318,Carbidopa,C([C@@](C(O)=O)(NN)C)c1cc(c(O)cc1)O,n,10
319,Dopamine,c1(ccc(O)c(c1)O)CCN,n,10
320,Levodopa,c1(c(ccc(c1)C[C@@H](C(O)=O)N)O)O,p,10
321,Mefloquine,c12c(c(cc(n2)C(F)(F)F)[C@@H]([C@H]2CCCCN2)O)cccc1C(F)(F)F,p,10
322,Ofloxacin,c12c3c(N4CCN(C)CC4)c(F)c(c1c(ccn2[C@H](C)CO3)=O)C(O)=O,p,10
323,Tifluadom,c1(ccc2C(=NC[C@@H](N(C)c2c1)CNC(c1ccc(cc1)C)=O)c1ccc(cc1)F)C,p,10
324,aldosterone,C1C(C=C2[C@](C1)([C@@H]1[C@@H](CC2)[C@H]2[C@](C[C@@H]1O)([C@H](CC2)C(CO)=O)C=O)C)=O,n,10
325,apomorphine_r,C[N@]1CCc2cccc3c2[C@@H]1Cc1ccc(O)c(O)c31,p,10
326,astemizole,c1ccc2c(c1)n(c(n2)NC1CCN(CC1)CCc1ccc(cc1)OC)Cc1ccc(cc1)F,n,10
327,BRL52537,c1(cc(c(cc1)Cl)Cl)CC(N1CCCC[C@H]1CN1CCCC1)=O,p,10
328,BRL52580,c1(cc(c(cc1)Cl)Cl)CC(N1[C@@H](c2c(CC1)cccc2)CN1CCCC1)=O,p,10
329,BRL52656,c1(ccc(cc1)C(F)(F)F)CC(N1[C@@H](CCCC1)CN1CCCC1)=O,p,10
330,BRL52871,c1(ccc(c(c1)Cl)Cl)CC(N1[C@@H](c2c(CC1)scc2)CN1CCCC1)=O,p,10
331,BRL52974,c1(ccc(c(c1)Cl)Cl)CC(N1[C@@H](c2c(CC1)[nH]cn2)CN1CCCC1)=O,n,10
332,BRL53080,c1(ccc(c(c1)Cl)Cl)CC(N1[C@@H](c2c(CC1)ccs2)CN1CCCC1)=O,p,10
333,BRL53087,c1(ccc(c(c1)Cl)Cl)CC(N1[C@@H](CN2CCCC2)CC(CC1)(C)C)=O,p,10
334,carebastine,CC(C)(C(O)=O)c1ccc(cc1)C(=O)CCCN1CCC(CC1)OC(c1ccccc1)c1ccccc1,n,10
335,cetirizine,c1c(ccc([C@@H](c2ccccc2)N2CCN(CC2)CCOCC(=O)O)c1)Cl,n,10
336,ciprofloxacin,c1(c(cc2c(c1)n(cc(c2=O)C(O)=O)C1CC1)F)N1CCNCC1,n,10
337,corticosterone,C1C(C=C2[C@](C1)([C@@H]1[C@@H](CC2)[C@H]2[C@](C[C@H]1O)([C@H](CC2)C(CO)=O)C)C)=O,n,10
338,cortisol,C1C(C=C2[C@](C1)([C@@H]1[C@@H](CC2)[C@H]2[C@](C[C@@H]1O)([C@](CC2)(C(CO)=O)O)C)C)=O,n,10
339,cp102,c1cn(CCO)c(CC)c(O)c1=O,n,10
340,cp107,c1cn(CCCCO)c(CC)c(O)c1=O,n,10
341,cp20,c1cn(c(c(c1=O)O)C)C,p,10
342,cp21,c1cn(CC)c(c(c1=O)O)C,p,10
343,cp24,c1cn(CCCC)c(C)c(O)c1=O,p,10
344,cp25,c1cn(CCCCCC)c(C)c(O)c1=O,p,10
345,cp29,c1cn(CCCCC)c(C)c(O)c1=O,p,10
346,cp41,c1cn(CCCO)c(C)c(O)c1=O,n,10
347,cp94,c1cn(CC)c(CC)c(c1=O)O,p,10
348,Cyclazocine,C[C@]12c3c(C[C@H]([C@H]1C)[N@](CC2)CC1CC1)ccc(c3)O,p,10
349,difloxacin,CN1CCN(CC1)c1cc2n(cc(C(O)=O)c(=O)c2cc1F)c1ccc(F)cc1,n,10
350,diphenhydramine,O(C(c1ccccc1)c1ccccc1)CCN(C)C,p,10
351,doxylamine,CN(C)CCO[C@@](C)(c1ccccc1)c1ccccn1,p,10
352,EMD60400,c1ccc([C@H](C[N@]2CC[C@H](C2)O)N(C(Cc2ccccc2N)=O)C)cc1,n,10
353,enoxacin,c1(c(cc2c(n1)n(cc(c2=O)C(O)=O)CC)F)N1CCNCC1,n,10
354,estradiol,c1cc2c(cc1O)CC[C@@H]1[C@@H]2CC[C@]2([C@H]1CC[C@@H]2O)C,p,10
355,fleroxacin,CN1CCN(CC1)c1c(F)cc2c(=O)c(cn(CCF)c2c1F)C(O)=O,n,10
356,flupentixol,OCCN1CCN(CC\C=C2/c3ccccc3Sc3ccc(cc23)C(F)(F)F)CC1,p,10
357,furosemide,C(=O)(O)c1c(NCc2ccco2)cc(c(c1)S(N)(=O)=O)Cl,n,10
358,GR85571,c1(cc(c(cc1)Cl)Cl)CC(N1[C@@H](CN2CCCC2)CN(CC1)C(=O)C)=O,p,10
359,GR88377,c1(ccc(c(c1)Cl)Cl)CC(N1[C@@H](c2c(CC1)occ2)CN1CCCC1)=O,p,10
360,GR89696,c1(ccc(c(c1)Cl)Cl)CC(N1[C@H](CN(CC1)C(=O)OC)CN1CCCC1)=O,p,10
361,GR89696_et,c1(ccc(c(c1)Cl)Cl)CC(N1[C@H](CN(CC1)C(=O)OCC)CN1CCCC1)=O,p,10
362,GR89696_pr,c1(CC(N2[C@H](CN(CC2)C(=O)OCCC)CN2CCCC2)=O)cc(c(cc1)Cl)Cl,p,10
363,GR91272,c1(ccc(c(c1)Cl)Cl)CC(N1[C@@H](c2c(CC1)occ2)C[N@@]1C[C@@H](CC1)O)=O,p,10
364,GR94839,c1(ccc(c(c1)Cl)Cl)CC(=O)N1[C@H](CN(C(=O)C)CC1)C[N@@]1C[C@H](O)CC1,n,10
365,GR94839_A,c1(CC(N2[C@H](CN(CC2)C(=O)C)C[N@]2CC[C@H](C2)O)=O)ccc(C(F)(F)F)cc1,n,10
366,GR94839_B,c1(ccc(cc1)SC)CC(N1[C@H](CN(CC1)C(=O)C)C[N@]1CC[C@H](C1)O)=O,n,10
367,GR94839_C,c1(CC(N2[C@H](CN(CC2)C(=O)C)C[N@]2CC[C@H](C2)O)=O)cc(cc(c1)F)F,n,10
368,GR94839_D,c1(CC(N2[C@H](CN(CC2)C(=O)C)C[N@]2CC[C@H](C2)O)=O)cc(ccc1)OC,n,10
369,GR94839_E,c1(CC(N2[C@H](CN(CC2)C(=O)C)C[N@]2CC[C@H](O)C2)=O)ccc(N(=O)=O)cc1,n,10
370,GR94839_F,c1(CC(N2[C@H](CN(CC2)C(=O)C)C[N@]2CC[C@H](C2)O)=O)ccc(OC)cc1,n,10
371,GR94839_G,c1(CC(N2[C@H](CN(CC2)C(=O)C)C[N@]2CC[C@H](O)C2)=O)cc(ccc1)N(=O)=O,n,10
372,GR94839_H,c1(ccccc1)CC(N1[C@H](CN(CC1)C(=O)C)C[N@]1CC[C@H](C1)O)=O,n,10
373,GR94839_I,c1(CC(N2[C@H](CN(CC2)C(=O)C)C[N@]2CC[C@H](O)C2)=O)ccc([S@](=O)C)cc1,n,10
374,GR94839_L,c1(CC(N2[C@H](CN(CC2)C(=O)C)C[N@]2CC[C@H](O)C2)=O)ccc(S(=O)(=O)C)cc1,n,10
375,ICI197067,CC(C)[C@@H](N(C)C(=O)Cc1ccc(c(c1)Cl)Cl)CN1CCCC1,p,10
376,ICI199441,c1(ccccc1)[C@H](CN1CCCC1)N(C(=O)Cc1ccc(c(c1)Cl)Cl)C,p,10
377,isoxicam,CN1C(=C(O)c2ccccc2S1(=O)=O)C(=O)Nc1cc(C)on1,n,10
378,Levallorphan,c1cc2c(cc1O)[C@]13[C@@H]([C@@H](C2)[N@@](CC=C)CC3)CCCC1,p,10
379,lomefloxacin,CCn1cc(C(O)=O)c(=O)c2cc(F)c(N3CCN[C@H](C)C3)c(F)c12,n,10
380,loperamide,CN(C)C(=O)C(CCN1CCC(O)(CC1)c1ccc(Cl)cc1)(c1ccccc1)c1ccccc1,n,10
381,loratadine,C1Cc2c(\C(c3c1cc(cc3)Cl)=C1/CCN(CC1)C(=O)OCC)nccc2,n,10
382,meloxicam,CN1C(=C(O)c2ccccc2S1(=O)=O)C(=O)Nc1ncc(C)s1,n,10
383,Nalorphine,c12[C@@]34[C@H]5[C@@H]([N@](CC=C)CC4)Cc2ccc(c1O[C@@H]3[C@@H](O)C=C5)O,p,10
384,naltrexone,c12[C@@]34[C@]5([C@@H]([N@](CC6CC6)CC4)Cc2ccc(c1O[C@@H]3C(=O)CC5)O)O,p,10
385,norfloxacin,c1(c(cc2c(c1)n(cc(c2=O)C(O)=O)CC)F)N1CCNCC1,n,10
386,pefloxacin,CCn1cc(C(O)=O)c(=O)c2cc(F)c(cc12)N1CCN(C)CC1,n,10
387,perphenazine,c12c(Sc3c(N1CCCN1CCN(CC1)CCO)cc(cc3)Cl)cccc2,p,10
388,piroxicam,c1ccc2c(c1)C(=C(N(S2(=O)=O)C)C(Nc1ncccc1)=O)O,n,10
389,progesterone,C1[C@H]2[C@H]([C@H]3[C@]([C@@H](C(C)=O)CC3)(C)C1)CCC=1[C@@]2(CCC(C1)=O)C,p,10
390,roxindole,Oc1ccc2[nH]cc(CCCC[N@@]3CCC(=CC3)c3ccccc3)c2c1,p,10
391,RP60180,c1ccc2N([C@H](CN3CCCC3)C)c3c(ccc(C(=O)NCCC)c3)Sc2c1,p,10
392,rufloxacin,CN1CCN(CC1)c1c(F)cc2c(=O)c(cn3CCSc1c23)C(O)=O,n,10
393,salbutamol,CC(C)(C)NC[C@@H](O)c1ccc(O)c(CO)c1,n,10
394,Sankyo,c1(ccc(c(c1)Cl)Cl)CC(=O)N1[C@H](C[N@@](C)CC1)CN1CCCC1,p,10
395,SB201708,c1(ccc(c(c1)Cl)Cl)CC(N1[C@H](CN2CCCC2)c2n(CC1)ccn2)=O,p,10
396,SB204454,c1(ccc(c(c1)Cl)Cl)CC(N1[C@H](C[C@]2(CC1)NC(NC2=O)=O)CN1CCCC1)=O,n,10
397,SB204457,c1(ccc(c(c1)Cl)Cl)CC(N1[C@H](C[C@]2(CC1)C(NC(N2)=O)=O)CN1CCCC1)=O,n,10
398,SB204459,c1(ccc(c(c1)Cl)Cl)CC(N1[C@H](C[N@@]2C[C@@H](CC2)O)c2n(CC1)ccn2)=O,n,10
399,SB204484,c1(ccc(c(c1)Cl)Cl)CC(N1[C@H](CN2CCCC2)c2n(CC1)ncn2)=O,p,10
400,SB205563,c1(ccc(c(c1)Cl)Cl)CC(N1[C@@H](C[N@@]2C[C@@H](CC2)O)C[N@](CC1)CCO)=O,n,10
401,SB205605,c1(ccc(c(c1)Cl)Cl)CC(N1[C@H](C[N@@]2C[C@@H](CC2)O)c2c(CC1)[nH]cn2)=O,n,10
402,skb_a,c1ccc2nc(c(c(C(N[C@@H](CC)c3ccccc3)=O)c2c1)O)c1ccccc1,p,10
403,skb_c,c1cc2c(C(N[C@@H](CC)c3ccccc3)=O)c(c(nc2cc1)c1ccccc1)OCCCN(C)C,p,10
404,skb-d,c1cc2c(C(N[C@@H](CC)c3ccccc3)=O)c(c(nc2cc1)c1ccccc1)OCC(O)=O,n,10
405,skb-e,c1cc2c(C(N[C@@H](CC)c3ccccc3)=O)c(c(c3ccccc3)nc2cc1)OCCCC(O)=O,n,10
406,skb-f,c1ccc2c(c(C(N[C@@H](CC)c3ccccc3)=O)c(OCCNC(Cc3c(cccc3)C(=O)O)=O)c(c3ccccc3)n2)c1,n,10
407,skb-g,c1cc2c(c(OCCNC(Cc3ncccc3)=O)c(c3ccccc3)nc2cc1)C(N[C@@H](CC)c1ccccc1)=O,n,10
408,skb-h,c1cc2c(c(c(c3ccccc3)nc2cc1)OCCNC([C@@H]1CCCN1)=O)C(=O)N[C@@H](CC)c1ccccc1,n,10
409,skb-i,c1cc2c(C(N[C@@H](CC)c3ccccc3)=O)c(c(nc2cc1)c1ccccc1)Cn1cncc1,n,10
410,sparfloxacin,c1(c(c(c2c(c1F)n(cc(c2=O)C(O)=O)C1CC1)N)F)N1C[C@@H](N[C@@H](C1)C)C,n,10
411,tamitinol,CCNCc1c(CSC)cnc(C)c1O,p,10
412,tenoxicam,CN1C(=C(O)c2sccc2S1(=O)=O)C(=O)Nc1ccccn1,n,10
413,terfenadine,CC(C)(C)c1ccc(cc1)[C@H](O)CCCN1CCC(CC1)C(O)(c1ccccc1)c1ccccc1,n,10
414,testosterone,C1C(C=C2[C@](C1)([C@@H]1[C@@H](CC2)[C@H]2[C@](CC1)([C@H](CC2)O)C)C)=O,p,10
415,U50488,C1CC[C@H]([C@@H](N(C(Cc2ccc(c(c2)Cl)Cl)=O)C)C1)N1CCCC1,p,10
